0, -0.9772214386459801
9.999999999999904e-9, -0.9772214386459801
1.999999999999981e-8, -0.9822755054066761
2.999999999999971e-8, -0.9822755054066761
3.999999999999962e-8, -0.9848025387870241
5.000000000000037e-8, -0.9848025387870241
6.000000000000027e-8, -0.9848025387870241
7.000000000000018e-8, -0.9848025387870241
8.000000000000008e-8, -0.9898566055477196
8.999999999999999e-8, -0.9898566055477196
9.999999999999989e-8, -0.9898566055477196
1.099999999999998e-7, -0.9923836389280676
1.199999999999997e-7, -0.9923836389280676
1.299999999999996e-7, -0.9923836389280676
1.4000000000000035e-7, -0.9923836389280676
1.5000000000000026e-7, -0.9949106723084156
1.6000000000000016e-7, -0.9949106723084156
1.7000000000000007e-7, -0.9974377056887636
1.7999999999999997e-7, -0.9974377056887636
1.8999999999999987e-7, -0.9999647390691111
1.9999999999999978e-7, -0.9999647390691111
2.0999999999999968e-7, -0.9999647390691111
2.2000000000000043e-7, -0.9999647390691111
2.3000000000000034e-7, -0.9999647390691111
2.4000000000000024e-7, -0.9999647390691111
2.5000000000000015e-7, -0.9999647390691111
2.6000000000000005e-7, -0.9999647390691111
2.6999999999999996e-7, -0.9999647390691111
2.7999999999999986e-7, -0.9999647390691111
2.8999999999999976e-7, -0.9999647390691111
3.000000000000005e-7, -0.9999647390691111
3.100000000000004e-7, -0.9999647390691111
3.200000000000003e-7, -0.9999647390691111
3.3000000000000023e-7, -0.9999647390691111
3.4000000000000013e-7, -0.9999647390691111
3.5000000000000004e-7, -0.9999647390691111
3.5999999999999994e-7, -0.9999647390691111
3.6999999999999985e-7, -0.9999647390691111
3.800000000000006e-7, -0.9999647390691111
3.900000000000005e-7, -0.9999647390691111
4.000000000000004e-7, -0.9999647390691111
4.100000000000003e-7, -0.9999647390691111
4.200000000000002e-7, -0.9999647390691111
4.300000000000001e-7, -0.9999647390691111
4.4e-7, -0.9999647390691111
4.4999999999999993e-7, -0.9999647390691111
4.600000000000007e-7, -0.9999647390691111
4.700000000000006e-7, -0.9999647390691111
4.800000000000005e-7, -0.9999647390691111
4.900000000000004e-7, -0.9999647390691111
5.000000000000003e-7, -0.9999647390691111
5.100000000000002e-7, -0.9999647390691111
5.200000000000001e-7, -0.9999647390691111
5.3e-7, -0.9999647390691111
5.400000000000008e-7, -0.9999647390691111
5.500000000000007e-7, -0.9999647390691111
5.600000000000006e-7, -0.9974377056887636
5.700000000000005e-7, -0.9974377056887636
5.800000000000004e-7, -0.9949106723084156
5.900000000000003e-7, -0.9949106723084156
6.000000000000002e-7, -0.9949106723084156
6.100000000000001e-7, -0.9949106723084156
6.2e-7, -0.9949106723084156
6.300000000000007e-7, -0.9949106723084156
6.400000000000006e-7, -0.9949106723084156
6.500000000000006e-7, -0.9949106723084156
6.600000000000005e-7, -0.9949106723084156
6.700000000000004e-7, -0.9949106723084156
6.800000000000003e-7, -0.9923836389280676
6.900000000000002e-7, -0.9923836389280676
7.000000000000009e-7, -0.9923836389280676
7.100000000000008e-7, -0.9923836389280676
7.200000000000007e-7, -0.9898566055477196
7.300000000000006e-7, -0.9898566055477196
7.400000000000005e-7, -0.9898566055477196
7.500000000000004e-7, -0.9898566055477196
7.600000000000003e-7, -0.9898566055477196
7.700000000000003e-7, -0.9898566055477196
7.800000000000002e-7, -0.9898566055477196
7.900000000000009e-7, -0.9898566055477196
8.000000000000008e-7, -0.9898566055477196
8.100000000000007e-7, -0.9898566055477196
8.200000000000006e-7, -0.9898566055477196
8.300000000000005e-7, -0.9898566055477196
8.400000000000004e-7, -0.9898566055477196
8.500000000000003e-7, -0.9898566055477196
8.600000000000011e-7, -0.9898566055477196
8.70000000000001e-7, -0.9898566055477196
8.800000000000009e-7, -0.7649506346967558
8.800000000000009e-7, -0.8003291020216268
8.800000000000009e-7, -0.8357075693464973
8.800000000000009e-7, -0.8710860366713677
8.800000000000009e-7, -0.9064645039962387
8.800000000000009e-7, -0.9418429713211096
8.800000000000009e-7, -0.9848025387870241
8.900000000000008e-7, -0.7649506346967558
8.900000000000008e-7, -0.8003291020216268
8.900000000000008e-7, -0.8357075693464973
8.900000000000008e-7, -0.8710860366713677
8.900000000000008e-7, -0.9064645039962387
8.900000000000008e-7, -0.9418429713211096
8.900000000000008e-7, -0.9848025387870241
9.000000000000007e-7, -0.6082745651151855
9.000000000000007e-7, -0.643653032440056
9.000000000000007e-7, -0.6790314997649269
9.000000000000007e-7, -0.7144099670897979
9.000000000000007e-7, -0.7497884344146684
9.000000000000007e-7, -0.7851669017395388
9.000000000000007e-7, -0.8331805359661497
9.100000000000006e-7, -0.6082745651151855
9.100000000000006e-7, -0.643653032440056
9.100000000000006e-7, -0.6790314997649269
9.100000000000006e-7, -0.7144099670897979
9.100000000000006e-7, -0.7497884344146684
9.100000000000006e-7, -0.7851669017395388
9.100000000000006e-7, -0.8331805359661497
9.200000000000005e-7, -0.5627879642689231
9.200000000000005e-7, -0.6082745651151855
9.300000000000004e-7, -0.5627879642689231
9.300000000000004e-7, -0.6082745651151855
9.400000000000003e-7, -0.5122472966619651
9.400000000000003e-7, -0.5602609308885751
9.500000000000011e-7, -0.5122472966619651
9.500000000000011e-7, -0.5602609308885751
9.60000000000001e-7, -0.4617066290550069
9.60000000000001e-7, -0.5122472966619651
9.700000000000009e-7, -0.380841560883874
9.700000000000009e-7, -0.4162200282087447
9.700000000000009e-7, -0.4667606958157027
9.800000000000008e-7, -0.380841560883874
9.800000000000008e-7, -0.4162200282087447
9.800000000000008e-7, -0.4667606958157027
9.900000000000007e-7, -0.3555712270803948
9.900000000000007e-7, -0.3934767277856135
0.0000010000000000000006, -0.3555712270803948
0.0000010000000000000006, -0.3934767277856135
0.0000010100000000000005, -0.2696520921485659
0.0000010100000000000005, -0.3050305594734366
0.0000010100000000000005, -0.35051716031969904
0.0000010200000000000004, -0.2696520921485659
0.0000010200000000000004, -0.3050305594734366
0.0000010200000000000004, -0.35051716031969904
0.0000010300000000000003, -0.21405735778091195
0.0000010300000000000003, -0.24943582510578266
0.0000010400000000000002, -0.21405735778091195
0.0000010400000000000002, -0.24943582510578266
0.0000010500000000000001, -0.17867889045604124
0.0000010500000000000001, -0.2191114245416077
0.00000106, -0.17867889045604124
0.00000106, -0.2191114245416077
0.00000107, -0.14835448989186628
0.0000010799999999999998, -0.14835448989186628
0.0000010899999999999997, -0.04221908791725415
0.0000010899999999999997, -0.07759755524212486
0.0000010899999999999997, -0.11297602256699557
0.0000010899999999999997, -0.15088152327221427
0.0000010999999999999996, -0.04221908791725415
0.0000010999999999999996, -0.07759755524212486
0.0000010999999999999996, -0.11297602256699557
0.0000010999999999999996, -0.15088152327221427
0.0000011099999999999995, 0.32672778561354043
0.0000011099999999999995, 0.2913493182886695
0.0000011099999999999995, 0.255970850963799
0.0000011099999999999995, 0.22059238363892808
0.0000011099999999999995, 0.1852139163140576
0.0000011099999999999995, 0.14983544898918666
0.0000011099999999999995, 0.11445698166431595
0.0000011099999999999995, 0.07907851433944524
0.0000011099999999999995, 0.04370004701457453
0.0000011099999999999995, 0.008321579689703817
0.0000011099999999999995, -0.027056887635166893
0.0000011099999999999995, -0.0624353549600376
0.0000011199999999999994, 0.32672778561354043
0.0000011199999999999994, 0.2913493182886695
0.0000011199999999999994, 0.255970850963799
0.0000011199999999999994, 0.22059238363892808
0.0000011199999999999994, 0.1852139163140576
0.0000011199999999999994, 0.14983544898918666
0.0000011199999999999994, 0.11445698166431595
0.0000011199999999999994, 0.07907851433944524
0.0000011199999999999994, 0.04370004701457453
0.0000011199999999999994, 0.008321579689703817
0.0000011199999999999994, -0.027056887635166893
0.0000011199999999999994, -0.0624353549600376
0.0000011299999999999993, 0.6501880582980725
0.0000011299999999999993, 0.6148095909732018
0.0000011299999999999993, 0.579431123648331
0.0000011299999999999993, 0.5440526563234603
0.0000011299999999999993, 0.5086741889985896
0.0000011299999999999993, 0.4732957216737189
0.0000011299999999999993, 0.4379172543488483
0.0000011299999999999993, 0.4025387870239774
0.0000011299999999999993, 0.3671603196991069
0.0000011299999999999993, 0.33178185237423596
0.0000011299999999999993, 0.2964033850493655
0.0000011299999999999993, 0.24586271744240729
0.0000011399999999999992, 0.6501880582980725
0.0000011399999999999992, 0.6148095909732018
0.0000011399999999999992, 0.579431123648331
0.0000011399999999999992, 0.5440526563234603
0.0000011399999999999992, 0.5086741889985896
0.0000011399999999999992, 0.4732957216737189
0.0000011399999999999992, 0.4379172543488483
0.0000011399999999999992, 0.4025387870239774
0.0000011399999999999992, 0.3671603196991069
0.0000011399999999999992, 0.33178185237423596
0.0000011399999999999992, 0.2964033850493655
0.0000011399999999999992, 0.24586271744240729
0.0000011499999999999992, 0.9888105312646922
0.0000011499999999999992, 0.9534320639398215
0.0000011499999999999992, 0.9180535966149508
0.0000011499999999999992, 0.8826751292900801
0.0000011499999999999992, 0.8472966619652094
0.0000011499999999999992, 0.8119181946403387
0.0000011499999999999992, 0.7765397273154679
0.0000011499999999999992, 0.7411612599905972
0.0000011499999999999992, 0.7057827926657265
0.0000011499999999999992, 0.6704043253408558
0.0000011499999999999992, 0.6350258580159851
0.0000011499999999999992, 0.5920662905500707
0.000001159999999999999, 0.9888105312646922
0.000001159999999999999, 0.9534320639398215
0.000001159999999999999, 0.9180535966149508
0.000001159999999999999, 0.8826751292900801
0.000001159999999999999, 0.8472966619652094
0.000001159999999999999, 0.8119181946403387
0.000001159999999999999, 0.7765397273154679
0.000001159999999999999, 0.7411612599905972
0.000001159999999999999, 0.7057827926657265
0.000001159999999999999, 0.6704043253408558
0.000001159999999999999, 0.6350258580159851
0.000001159999999999999, 0.5920662905500707
0.000001169999999999999, 0.993864598025388
0.000001169999999999999, 0.9584861307005172
0.000001169999999999999, 0.9205806299952987
0.0000011799999999999989, 0.993864598025388
0.0000011799999999999989, 0.9584861307005172
0.0000011799999999999989, 0.9205806299952987
0.0000011899999999999988, 0.9888105312646922
0.0000011999999999999987, 0.9888105312646922
0.0000012099999999999986, 0.9888105312646922
0.0000012199999999999985, 0.9888105312646922
0.0000012299999999999984, 0.9888105312646922
0.0000012399999999999983, 0.9888105312646922
0.0000012499999999999982, 0.99133756464504
0.000001259999999999998, 0.99133756464504
0.0000012699999999999989, 0.99133756464504
0.000001279999999999997, 0.99133756464504
0.000001289999999999997, 0.99133756464504
0.0000012999999999999969, 0.99133756464504
0.0000013099999999999968, 0.99133756464504
0.0000013199999999999975, 0.99133756464504
0.0000013299999999999974, 0.99133756464504
0.0000013399999999999973, 0.99133756464504
0.0000013499999999999972, 0.99133756464504
0.0000013599999999999971, 0.99133756464504
0.000001369999999999997, 0.99133756464504
0.000001379999999999997, 0.99133756464504
0.0000013899999999999969, 0.99133756464504
0.0000013999999999999968, 0.99133756464504
0.0000014099999999999967, 0.99133756464504
0.0000014199999999999966, 0.99133756464504
0.0000014299999999999965, 0.99133756464504
0.0000014399999999999964, 0.99133756464504
0.0000014499999999999963, 0.99133756464504
0.0000014599999999999962, 0.99133756464504
0.000001469999999999996, 0.99133756464504
0.000001479999999999996, 0.99133756464504
0.000001489999999999996, 0.99133756464504
0.0000014999999999999958, 0.993864598025388
0.0000015099999999999966, 0.993864598025388
0.0000015199999999999948, 0.993864598025388
0.0000015299999999999947, 0.993864598025388
0.0000015399999999999946, 0.993864598025388
0.0000015499999999999945, 0.993864598025388
0.0000015599999999999944, 0.993864598025388
0.0000015699999999999951, 0.993864598025388
0.000001579999999999995, 0.993864598025388
0.000001589999999999995, 0.993864598025388
0.0000015999999999999948, 0.993864598025388
0.0000016099999999999947, 0.993864598025388
0.0000016199999999999947, 0.993864598025388
0.0000016299999999999946, 0.993864598025388
0.0000016399999999999945, 0.993864598025388
0.0000016499999999999944, 0.993864598025388
0.0000016599999999999943, 0.993864598025388
0.0000016699999999999942, 0.993864598025388
0.000001679999999999994, 0.993864598025388
0.000001689999999999994, 0.993864598025388
0.0000016999999999999939, 0.9963916314057357
0.0000017099999999999938, 0.9963916314057357
0.0000017199999999999937, 0.9963916314057357
0.0000017299999999999936, 0.9963916314057357
0.0000017399999999999935, 0.9963916314057357
0.0000017499999999999943, 0.9963916314057357
0.0000017599999999999925, 0.993864598025388
0.0000017699999999999924, 0.993864598025388
0.0000017799999999999923, 0.993864598025388
0.0000017899999999999922, 0.993864598025388
0.000001799999999999992, 0.993864598025388
0.0000018099999999999928, 0.993864598025388
0.0000018199999999999927, 0.993864598025388
0.0000018299999999999926, 0.993864598025388
0.0000018399999999999925, 0.993864598025388
0.0000018499999999999925, 0.993864598025388
0.0000018599999999999924, 0.993864598025388
0.0000018699999999999923, 0.993864598025388
0.0000018799999999999922, 0.993864598025388
0.000001889999999999992, 0.993864598025388
0.000001899999999999992, 0.993864598025388
0.000001909999999999992, 0.993864598025388
0.0000019199999999999918, 0.993864598025388
0.0000019299999999999917, 0.993864598025388
0.0000019399999999999916, 0.993864598025388
0.0000019499999999999915, 0.993864598025388
0.0000019599999999999914, 0.993864598025388
0.0000019699999999999913, 0.993864598025388
0.000001979999999999991, 0.993864598025388
0.000001989999999999992, 0.99133756464504
0.00000199999999999999, 0.99133756464504
0.00000200999999999999, 0.99133756464504
0.00000201999999999999, 0.99133756464504
0.00000202999999999999, 0.99133756464504
0.0000020399999999999898, 0.99133756464504
0.0000020499999999999905, 0.99133756464504
0.0000020599999999999904, 0.99133756464504
0.0000020699999999999903, 0.99133756464504
0.0000020799999999999902, 0.99133756464504
0.00000208999999999999, 0.99133756464504
0.00000209999999999999, 0.99133756464504
0.00000210999999999999, 0.9888105312646922
0.00000211999999999999, 0.9888105312646922
0.0000021299999999999898, 0.9888105312646922
0.0000021399999999999897, 0.9888105312646922
0.0000021499999999999896, 0.9862834978843442
0.0000021599999999999895, 0.9862834978843442
0.0000021699999999999894, 0.9862834978843442
0.0000021799999999999893, 0.9862834978843442
0.000002189999999999989, 0.9862834978843442
0.000002199999999999989, 0.9862834978843442
0.000002209999999999989, 0.9888105312646922
0.000002209999999999989, 0.9534320639398215
0.000002209999999999989, 0.9180535966149508
0.000002209999999999989, 0.8826751292900801
0.000002209999999999989, 0.8472966619652094
0.000002209999999999989, 0.8119181946403387
0.000002209999999999989, 0.7765397273154679
0.000002209999999999989, 0.7411612599905972
0.000002209999999999989, 0.7057827926657265
0.000002209999999999989, 0.6704043253408558
0.000002209999999999989, 0.6350258580159851
0.000002209999999999989, 0.5920662905500707
0.000002219999999999989, 0.9888105312646922
0.000002219999999999989, 0.9534320639398215
0.000002219999999999989, 0.9180535966149508
0.000002219999999999989, 0.8826751292900801
0.000002219999999999989, 0.8472966619652094
0.000002219999999999989, 0.8119181946403387
0.000002219999999999989, 0.7765397273154679
0.000002219999999999989, 0.7411612599905972
0.000002219999999999989, 0.7057827926657265
0.000002219999999999989, 0.6704043253408558
0.000002219999999999989, 0.6350258580159851
0.000002219999999999989, 0.5920662905500707
0.0000022299999999999897, 0.9888105312646922
0.0000022299999999999897, 0.9534320639398215
0.0000022299999999999897, 0.9180535966149508
0.0000022299999999999897, 0.8826751292900801
0.0000022299999999999897, 0.8472966619652094
0.0000022299999999999897, 0.8119181946403387
0.0000022299999999999897, 0.7765397273154679
0.0000022299999999999897, 0.7411612599905972
0.0000022299999999999897, 0.7057827926657265
0.0000022299999999999897, 0.6704043253408558
0.0000022299999999999897, 0.6350258580159851
0.0000022299999999999897, 0.5996473906911144
0.0000022299999999999897, 0.5642689233662437
0.0000022299999999999897, 0.528890456041373
0.0000022299999999999897, 0.49351198871650226
0.0000022299999999999897, 0.45813352139163155
0.0000022299999999999897, 0.42275505406676084
0.0000022299999999999897, 0.3873765867418901
0.0000022299999999999897, 0.3519981194170194
0.0000022299999999999897, 0.3166196520921487
0.0000022299999999999897, 0.281241184767278
0.0000022299999999999897, 0.24586271744240729
0.0000022299999999999897, 0.21048425011753658
0.0000022299999999999897, 0.17510578279266586
0.0000022299999999999897, 0.13972731546779515
0.0000022299999999999897, 0.10434884814292444
0.0000022299999999999897, 0.06897038081805373
0.0000022299999999999897, 0.03359191349318302
0.0000022299999999999897, -0.0017865538316876872
0.0000022299999999999897, -0.0371650211565584
0.0000022299999999999897, -0.07254348848142911
0.0000022299999999999897, -0.10792195580629982
0.0000022299999999999897, -0.14330042313117053
0.0000022299999999999897, -0.17867889045604124
0.0000022299999999999897, -0.21405735778091195
0.0000022299999999999897, -0.25196285848613065
0.000002239999999999988, 0.9888105312646922
0.000002239999999999988, 0.9534320639398215
0.000002239999999999988, 0.9180535966149508
0.000002239999999999988, 0.8826751292900801
0.000002239999999999988, 0.8472966619652094
0.000002239999999999988, 0.8119181946403387
0.000002239999999999988, 0.7765397273154679
0.000002239999999999988, 0.7411612599905972
0.000002239999999999988, 0.7057827926657265
0.000002239999999999988, 0.6704043253408558
0.000002239999999999988, 0.6350258580159851
0.000002239999999999988, 0.5996473906911144
0.000002239999999999988, 0.5642689233662437
0.000002239999999999988, 0.528890456041373
0.000002239999999999988, 0.49351198871650226
0.000002239999999999988, 0.45813352139163155
0.000002239999999999988, 0.42275505406676084
0.000002239999999999988, 0.3873765867418901
0.000002239999999999988, 0.3519981194170194
0.000002239999999999988, 0.3166196520921487
0.000002239999999999988, 0.281241184767278
0.000002239999999999988, 0.24586271744240729
0.000002239999999999988, 0.21048425011753658
0.000002239999999999988, 0.17510578279266586
0.000002239999999999988, 0.13972731546779515
0.000002239999999999988, 0.10434884814292444
0.000002239999999999988, 0.06897038081805373
0.000002239999999999988, 0.03359191349318302
0.000002239999999999988, -0.0017865538316876872
0.000002239999999999988, -0.0371650211565584
0.000002239999999999988, -0.07254348848142911
0.000002239999999999988, -0.10792195580629982
0.000002239999999999988, -0.14330042313117053
0.000002239999999999988, -0.17867889045604124
0.000002239999999999988, -0.21405735778091195
0.000002239999999999988, -0.25196285848613065
0.0000022499999999999878, -0.16351669017395376
0.0000022499999999999878, -0.19889515749882447
0.0000022499999999999878, -0.23427362482369518
0.0000022599999999999877, -0.16351669017395376
0.0000022599999999999877, -0.19889515749882447
0.0000022599999999999877, -0.23427362482369518
0.0000022699999999999876, -0.2443817583450869
0.0000022699999999999876, -0.28481429243065337
0.0000022799999999999875, -0.28481429243065337
0.0000022799999999999875, -0.3201927597555241
0.0000022799999999999875, -0.3555712270803948
0.0000022799999999999875, -0.3909496944052655
0.0000022799999999999875, -0.4288551951104842
0.0000022899999999999882, -0.28481429243065337
0.0000022899999999999882, -0.3201927597555241
0.0000022899999999999882, -0.3555712270803948
0.0000022899999999999882, -0.3909496944052655
0.0000022899999999999882, -0.4288551951104842
0.000002299999999999988, -0.4162200282087447
0.000002299999999999988, -0.4541255289139632
0.000002309999999999988, -0.4162200282087447
0.000002309999999999988, -0.4541255289139632
0.000002319999999999988, -0.4414903620122237
0.000002329999999999988, -0.4414903620122237
0.0000023399999999999878, -0.44654442877291944
0.0000023399999999999878, -0.48192289609779015
0.0000023499999999999877, -0.44654442877291944
0.0000023499999999999877, -0.48192289609779015
0.0000023599999999999876, -0.5071932299012694
0.0000023599999999999876, -0.5425716972261401
0.0000023599999999999876, -0.577950164551011
0.0000023599999999999876, -0.6133286318758815
0.0000023599999999999876, -0.6588152327221439
0.0000023699999999999875, -0.5071932299012694
0.0000023699999999999875, -0.5425716972261401
0.0000023699999999999875, -0.577950164551011
0.0000023699999999999875, -0.6133286318758815
0.0000023699999999999875, -0.6588152327221439
0.0000023799999999999874, -0.572896097790315
0.0000023799999999999874, -0.6082745651151855
0.0000023799999999999874, -0.643653032440056
0.0000023799999999999874, -0.6790314997649269
0.0000023799999999999874, -0.7144099670897979
0.0000023799999999999874, -0.7497884344146684
0.0000023799999999999874, -0.7851669017395388
0.0000023799999999999874, -0.8205453690644098
0.0000023799999999999874, -0.8559238363892807
0.0000023799999999999874, -0.8913023037141512
0.0000023799999999999874, -0.9266807710390221
0.0000023799999999999874, -0.9746944052656321
0.0000023899999999999873, -0.572896097790315
0.0000023899999999999873, -0.6082745651151855
0.0000023899999999999873, -0.643653032440056
0.0000023899999999999873, -0.6790314997649269
0.0000023899999999999873, -0.7144099670897979
0.0000023899999999999873, -0.7497884344146684
0.0000023899999999999873, -0.7851669017395388
0.0000023899999999999873, -0.8205453690644098
0.0000023899999999999873, -0.8559238363892807
0.0000023899999999999873, -0.8913023037141512
0.0000023899999999999873, -0.9266807710390221
0.0000023899999999999873, -0.9746944052656321
0.000002399999999999987, -0.9468970380818051
0.000002399999999999987, -0.9848025387870241
0.000002409999999999987, -0.9468970380818051
0.000002409999999999987, -0.9848025387870241
0.000002419999999999987, -0.9873295721673716
0.000002429999999999987, -0.9873295721673716
0.000002439999999999987, -0.9898566055477196
0.0000024499999999999867, -0.9898566055477196
0.0000024599999999999866, -0.9898566055477196
0.0000024699999999999865, -0.9898566055477196
0.0000024799999999999873, -0.9898566055477196
0.0000024899999999999855, -0.9898566055477196
0.0000024999999999999854, -0.9923836389280676
0.0000025099999999999853, -0.9923836389280676
0.000002519999999999985, -0.9949106723084156
0.000002529999999999986, -0.9949106723084156
0.000002539999999999986, -0.9949106723084156
0.0000025499999999999857, -0.9949106723084156
0.0000025599999999999857, -0.9974377056887636
0.0000025699999999999856, -0.9974377056887636
0.0000025799999999999855, -0.9974377056887636
0.0000025899999999999854, -0.9974377056887636
0.0000025999999999999853, -0.9999647390691111
0.000002609999999999985, -0.9999647390691111
0.000002619999999999985, -0.9999647390691111
0.000002629999999999985, -0.9999647390691111
0.000002639999999999985, -0.9999647390691111
0.000002649999999999985, -0.9999647390691111
0.0000026599999999999847, -0.9999647390691111
0.0000026699999999999846, -0.9999647390691111
0.0000026799999999999845, -0.9999647390691111
0.0000026899999999999844, -0.9999647390691111
0.0000026999999999999843, -0.9999647390691111
0.0000027099999999999842, -0.9999647390691111
0.000002719999999999985, -0.9999647390691111
0.000002729999999999983, -0.9999647390691111
0.000002739999999999983, -0.9999647390691111
0.000002749999999999983, -0.9999647390691111
0.000002759999999999983, -0.9999647390691111
0.000002769999999999983, -0.9999647390691111
0.0000027799999999999835, -0.9999647390691111
0.0000027899999999999835, -0.9999647390691111
0.0000027999999999999834, -0.9999647390691111
0.0000028099999999999833, -0.9999647390691111
0.000002819999999999983, -0.9999647390691111
0.000002829999999999983, -0.9999647390691111
0.000002839999999999983, -0.9999647390691111
0.000002849999999999983, -0.9999647390691111
0.0000028599999999999828, -0.9999647390691111
0.0000028699999999999827, -0.9999647390691111
0.0000028799999999999826, -0.9999647390691111
0.0000028899999999999825, -0.9999647390691111
0.0000028999999999999824, -0.9999647390691111
0.0000029099999999999823, -0.9999647390691111
0.000002919999999999982, -0.9999647390691111
0.000002929999999999982, -0.9999647390691111
0.000002939999999999982, -0.9999647390691111
0.000002949999999999982, -0.9999647390691111
0.0000029599999999999827, -0.9999647390691111
0.000002969999999999981, -0.9999647390691111
0.0000029799999999999808, -0.9999647390691111
0.0000029899999999999807, -0.9999647390691111
0.0000029999999999999806, -0.9999647390691111
0.0000030099999999999805, -0.9999647390691111
0.0000030199999999999812, -0.9999647390691111
0.000003029999999999981, -0.9999647390691111
0.000003039999999999981, -0.9999647390691111
0.000003049999999999981, -0.9974377056887636
0.000003059999999999981, -0.9974377056887636
0.0000030699999999999808, -0.9974377056887636
0.0000030799999999999807, -0.9974377056887636
0.0000030899999999999806, -0.9974377056887636
0.0000030999999999999805, -0.9974377056887636
0.0000031099999999999804, -0.9949106723084156
0.0000031199999999999803, -0.9949106723084156
0.00000312999999999998, -0.9949106723084156
0.00000313999999999998, -0.9949106723084156
0.00000314999999999998, -0.9949106723084156
0.00000315999999999998, -0.9949106723084156
0.00000316999999999998, -0.9949106723084156
0.0000031799999999999797, -0.9949106723084156
0.0000031899999999999796, -0.9949106723084156
0.0000031999999999999804, -0.9949106723084156
0.0000032099999999999786, -0.9949106723084156
0.0000032199999999999785, -0.9923836389280676
0.0000032299999999999784, -0.9923836389280676
0.0000032399999999999783, -0.9923836389280676
0.000003249999999999978, -0.9923836389280676
0.000003259999999999979, -0.9115185707569347
0.000003259999999999979, -0.9468970380818051
0.000003259999999999979, -0.9873295721673716
0.000003269999999999979, -0.9115185707569347
0.000003269999999999979, -0.9468970380818051
0.000003269999999999979, -0.9873295721673716
0.0000032799999999999788, -0.7093559003291019
0.0000032799999999999788, -0.7447343676539728
0.0000032799999999999788, -0.7801128349788433
0.0000032799999999999788, -0.8154913023037138
0.0000032799999999999788, -0.8508697696285847
0.0000032799999999999788, -0.8862482369534557
0.0000032799999999999788, -0.9216267042783262
0.0000032799999999999788, -0.9671133051245886
0.0000032899999999999787, -0.7093559003291019
0.0000032899999999999787, -0.7447343676539728
0.0000032899999999999787, -0.7801128349788433
0.0000032899999999999787, -0.8154913023037138
0.0000032899999999999787, -0.8508697696285847
0.0000032899999999999787, -0.8862482369534557
0.0000032899999999999787, -0.9216267042783262
0.0000032899999999999787, -0.9671133051245886
0.0000032999999999999786, -0.60322049835449
0.0000032999999999999786, -0.6385989656793605
0.0000032999999999999786, -0.673977433004231
0.0000032999999999999786, -0.7194640338504938
0.0000033099999999999785, -0.60322049835449
0.0000033099999999999785, -0.6385989656793605
0.0000033099999999999785, -0.673977433004231
0.0000033099999999999785, -0.7194640338504938
0.0000033199999999999784, -0.48192289609779015
0.0000033199999999999784, -0.5173013634226609
0.0000033199999999999784, -0.5526798307475316
0.0000033199999999999784, -0.60322049835449
0.0000033299999999999783, -0.48192289609779015
0.0000033299999999999783, -0.5173013634226609
0.0000033299999999999783, -0.5526798307475316
0.0000033299999999999783, -0.60322049835449
0.000003339999999999978, -0.43138222849083196
0.000003339999999999978, -0.48192289609779015
0.000003349999999999978, -0.43138222849083196
0.000003349999999999978, -0.48192289609779015
0.000003359999999999978, -0.38589562764456975
0.000003359999999999978, -0.43390926187117995
0.000003369999999999978, -0.38589562764456975
0.000003369999999999978, -0.43390926187117995
0.000003379999999999978, -0.3201927597555241
0.000003379999999999978, -0.3555712270803948
0.0000033899999999999777, -0.3201927597555241
0.0000033899999999999777, -0.3555712270803948
0.0000033999999999999776, -0.3100846262341326
0.0000033999999999999776, -0.3555712270803948
0.0000034099999999999775, -0.3100846262341326
0.0000034099999999999775, -0.3555712270803948
0.0000034199999999999774, -0.2696520921485659
0.0000034199999999999774, -0.3050305594734366
0.0000034199999999999774, -0.3530441937000468
0.0000034299999999999773, -0.2696520921485659
0.0000034299999999999773, -0.3050305594734366
0.0000034299999999999773, -0.3530441937000468
0.0000034399999999999772, -0.2090032910202162
0.0000034399999999999772, -0.2443817583450869
0.0000034399999999999772, -0.28734132581100136
0.0000034499999999999763, -0.2090032910202162
0.0000034499999999999763, -0.2443817583450869
0.0000034499999999999763, -0.28734132581100136
0.000003459999999999976, -0.16857075693464973
0.000003459999999999976, -0.21405735778091195
0.000003469999999999976, -0.16857075693464973
0.000003469999999999976, -0.21405735778091195
0.000003479999999999976, -0.10286788904560407
0.000003479999999999976, -0.13824635637047478
0.000003479999999999976, -0.17867889045604124
0.000003489999999999976, -0.10286788904560407
0.000003489999999999976, -0.13824635637047478
0.000003489999999999976, -0.17867889045604124
0.0000034999999999999767, 0.14983544898918666
0.0000034999999999999767, 0.11445698166431595
0.0000034999999999999767, 0.07907851433944524
0.0000034999999999999767, 0.04370004701457453
0.0000034999999999999767, 0.008321579689703817
0.0000034999999999999767, -0.027056887635166893
0.0000034999999999999767, -0.0624353549600376
0.0000034999999999999767, -0.09781382228490831
0.0000034999999999999767, -0.13824635637047478
0.0000035099999999999766, 0.14983544898918666
0.0000035099999999999766, 0.11445698166431595
0.0000035099999999999766, 0.07907851433944524
0.0000035099999999999766, 0.04370004701457453
0.0000035099999999999766, 0.008321579689703817
0.0000035099999999999766, -0.027056887635166893
0.0000035099999999999766, -0.0624353549600376
0.0000035099999999999766, -0.09781382228490831
0.0000035099999999999766, -0.13824635637047478
0.0000035199999999999765, 0.3924306535025859
0.0000035199999999999765, 0.35705218617771517
0.0000035199999999999765, 0.32167371885284446
0.0000035199999999999765, 0.28629525152797375
0.0000035199999999999765, 0.25091678420310304
0.0000035199999999999765, 0.21553831687823233
0.0000035199999999999765, 0.18015984955336162
0.0000035199999999999765, 0.1447813822284909
0.0000035199999999999765, 0.09929478138222869
0.0000035299999999999764, 0.3924306535025859
0.0000035299999999999764, 0.35705218617771517
0.0000035299999999999764, 0.32167371885284446
0.0000035299999999999764, 0.28629525152797375
0.0000035299999999999764, 0.25091678420310304
0.0000035299999999999764, 0.21553831687823233
0.0000035299999999999764, 0.18015984955336162
0.0000035299999999999764, 0.1447813822284909
0.0000035299999999999764, 0.09929478138222869
0.0000035399999999999763, 0.6451339915373765
0.0000035399999999999763, 0.6097555242125058
0.0000035399999999999763, 0.5743770568876353
0.0000035399999999999763, 0.5389985895627646
0.0000035399999999999763, 0.5036201222378939
0.0000035399999999999763, 0.46824165491302316
0.0000035399999999999763, 0.43286318758815234
0.0000035399999999999763, 0.39748472026328185
0.0000035399999999999763, 0.3519981194170194
0.000003549999999999976, 0.6451339915373765
0.000003549999999999976, 0.6097555242125058
0.000003549999999999976, 0.5743770568876353
0.000003549999999999976, 0.5389985895627646
0.000003549999999999976, 0.5036201222378939
0.000003549999999999976, 0.46824165491302316
0.000003549999999999976, 0.43286318758815234
0.000003549999999999976, 0.39748472026328185
0.000003549999999999976, 0.3519981194170194
0.000003559999999999976, 0.8776210625293842
0.000003559999999999976, 0.8422425952045135
0.000003559999999999976, 0.8068641278796428
0.000003559999999999976, 0.7714856605547721
0.000003559999999999976, 0.7361071932299014
0.000003559999999999976, 0.7007287259050307
0.000003559999999999976, 0.66535025858016
0.000003559999999999976, 0.6299717912552892
0.000003559999999999976, 0.5844851904090269
0.000003569999999999976, 0.9888105312646922
0.000003569999999999976, 0.9534320639398215
0.000003569999999999976, 0.9180535966149508
0.000003569999999999976, 0.8826751292900801
0.000003569999999999976, 0.8422425952045135
0.000003579999999999976, 0.9888105312646922
0.000003579999999999976, 0.9534320639398215
0.000003579999999999976, 0.9180535966149508
0.000003579999999999976, 0.8826751292900801
0.000003579999999999976, 0.8422425952045135
0.000003589999999999976, 0.9862834978843442
0.0000035999999999999757, 0.9862834978843442
0.0000036099999999999756, 0.9862834978843442
0.0000036199999999999755, 0.9862834978843442
0.0000036299999999999754, 0.9862834978843442
0.0000036399999999999753, 0.9862834978843442
0.0000036499999999999752, 0.9888105312646922
0.000003659999999999975, 0.9888105312646922
0.000003669999999999975, 0.9888105312646922
0.000003679999999999975, 0.9888105312646922
0.000003689999999999974, 0.9888105312646922
0.000003699999999999974, 0.9888105312646922
0.000003709999999999974, 0.9888105312646922
0.0000037199999999999737, 0.9888105312646922
0.0000037299999999999753, 0.99133756464504
0.0000037399999999999735, 0.99133756464504
0.000003749999999999975, 0.99133756464504
0.0000037599999999999733, 0.99133756464504
0.000003769999999999975, 0.99133756464504
0.000003779999999999973, 0.99133756464504
0.0000037899999999999747, 0.99133756464504
0.000003799999999999973, 0.99133756464504
0.0000038099999999999745, 0.99133756464504
0.000003819999999999973, 0.99133756464504
0.000003829999999999974, 0.99133756464504
0.0000038399999999999726, 0.99133756464504
0.000003849999999999974, 0.99133756464504
0.000003859999999999972, 0.99133756464504
0.000003869999999999974, 0.99133756464504
0.000003879999999999972, 0.99133756464504
0.000003889999999999974, 0.99133756464504
0.000003899999999999972, 0.99133756464504
0.0000039099999999999736, 0.99133756464504
0.000003919999999999972, 0.99133756464504
0.000003929999999999973, 0.99133756464504
0.000003939999999999972, 0.99133756464504
0.000003949999999999973, 0.99133756464504
0.000003959999999999971, 0.99133756464504
0.000003969999999999973, 0.99133756464504
0.000003979999999999971, 0.99133756464504
0.000003989999999999973, 0.99133756464504
0.000003999999999999971, 0.99133756464504
0.000004009999999999973, 0.99133756464504
0.000004019999999999971, 0.99133756464504
0.0000040299999999999724, 0.99133756464504
0.000004039999999999971, 0.99133756464504
0.000004049999999999972, 0.99133756464504
0.0000040599999999999704, 0.99133756464504
0.000004069999999999972, 0.99133756464504
0.00000407999999999997, 0.99133756464504
0.000004089999999999972, 0.99133756464504
0.00000409999999999997, 0.99133756464504
0.000004109999999999972, 0.99133756464504
0.00000411999999999997, 0.99133756464504
0.0000041299999999999715, 0.99133756464504
0.00000413999999999997, 0.99133756464504
0.000004149999999999971, 0.99133756464504
0.0000041599999999999695, 0.99133756464504
0.000004169999999999971, 0.99133756464504
0.000004179999999999969, 0.99133756464504
0.000004189999999999971, 0.99133756464504
0.000004199999999999969, 0.99133756464504
0.000004209999999999971, 0.99133756464504
0.000004219999999999969, 0.99133756464504
0.0000042299999999999705, 0.99133756464504
0.000004239999999999969, 0.99133756464504
0.00000424999999999997, 0.99133756464504
0.0000042599999999999685, 0.99133756464504
0.00000426999999999997, 0.99133756464504
0.000004279999999999968, 0.99133756464504
0.00000428999999999997, 0.99133756464504
0.000004299999999999968, 0.99133756464504
0.00000430999999999997, 0.99133756464504
0.000004319999999999968, 0.99133756464504
0.0000043299999999999696, 0.99133756464504
0.000004339999999999968, 0.99133756464504
0.000004349999999999969, 0.99133756464504
0.0000043599999999999676, 0.99133756464504
0.000004369999999999969, 0.99133756464504
0.000004379999999999967, 0.99133756464504
0.000004389999999999969, 0.99133756464504
0.000004399999999999967, 0.99133756464504
0.000004409999999999969, 0.99133756464504
0.000004419999999999967, 0.99133756464504
0.000004429999999999969, 0.99133756464504
0.000004439999999999967, 0.99133756464504
0.000004449999999999968, 0.9888105312646922
0.000004459999999999967, 0.9888105312646922
0.000004469999999999968, 0.9888105312646922
0.0000044799999999999664, 0.9888105312646922
0.000004489999999999968, 0.9888105312646922
0.000004499999999999966, 0.9888105312646922
0.000004509999999999968, 0.9888105312646922
0.000004519999999999966, 0.9888105312646922
0.000004529999999999968, 0.9862834978843442
0.000004539999999999966, 0.9862834978843442
0.0000045499999999999674, 0.9862834978843442
0.000004559999999999966, 0.9862834978843442
0.000004569999999999967, 0.9862834978843442
0.0000045799999999999655, 0.9862834978843442
0.000004589999999999967, 0.9888105312646922
0.000004589999999999967, 0.9534320639398215
0.000004589999999999967, 0.9180535966149508
0.000004589999999999967, 0.8725669957686883
0.000004599999999999965, 0.9888105312646922
0.000004599999999999965, 0.9534320639398215
0.000004599999999999965, 0.9180535966149508
0.000004599999999999965, 0.8725669957686883
0.000004609999999999967, 0.9888105312646922
0.000004609999999999967, 0.9534320639398215
0.000004609999999999967, 0.9180535966149508
0.000004609999999999967, 0.8826751292900801
0.000004609999999999967, 0.8472966619652094
0.000004609999999999967, 0.8119181946403387
0.000004609999999999967, 0.7765397273154679
0.000004609999999999967, 0.7411612599905972
0.000004609999999999967, 0.7057827926657265
0.000004609999999999967, 0.6704043253408558
0.000004609999999999967, 0.6350258580159851
0.000004609999999999967, 0.5996473906911144
0.000004609999999999967, 0.5642689233662437
0.000004609999999999967, 0.528890456041373
0.000004609999999999967, 0.49351198871650226
0.000004609999999999967, 0.45813352139163155
0.000004609999999999967, 0.42275505406676084
0.000004609999999999967, 0.3873765867418901
0.000004609999999999967, 0.3519981194170194
0.000004609999999999967, 0.3166196520921487
0.000004609999999999967, 0.281241184767278
0.000004609999999999967, 0.24586271744240729
0.000004609999999999967, 0.21048425011753658
0.000004609999999999967, 0.17510578279266586
0.000004609999999999967, 0.13972731546779515
0.000004609999999999967, 0.10434884814292444
0.000004609999999999967, 0.06897038081805373
0.000004609999999999967, 0.03359191349318302
0.000004609999999999967, -0.0017865538316876872
0.000004609999999999967, -0.0371650211565584
0.000004609999999999967, -0.07254348848142911
0.000004609999999999967, -0.11803008932769155
0.000004619999999999965, 0.9888105312646922
0.000004619999999999965, 0.9534320639398215
0.000004619999999999965, 0.9180535966149508
0.000004619999999999965, 0.8826751292900801
0.000004619999999999965, 0.8472966619652094
0.000004619999999999965, 0.8119181946403387
0.000004619999999999965, 0.7765397273154679
0.000004619999999999965, 0.7411612599905972
0.000004619999999999965, 0.7057827926657265
0.000004619999999999965, 0.6704043253408558
0.000004619999999999965, 0.6350258580159851
0.000004619999999999965, 0.5996473906911144
0.000004619999999999965, 0.5642689233662437
0.000004619999999999965, 0.528890456041373
0.000004619999999999965, 0.49351198871650226
0.000004619999999999965, 0.45813352139163155
0.000004619999999999965, 0.42275505406676084
0.000004619999999999965, 0.3873765867418901
0.000004619999999999965, 0.3519981194170194
0.000004619999999999965, 0.3166196520921487
0.000004619999999999965, 0.281241184767278
0.000004619999999999965, 0.24586271744240729
0.000004619999999999965, 0.21048425011753658
0.000004619999999999965, 0.17510578279266586
0.000004619999999999965, 0.13972731546779515
0.000004619999999999965, 0.10434884814292444
0.000004619999999999965, 0.06897038081805373
0.000004619999999999965, 0.03359191349318302
0.000004619999999999965, -0.0017865538316876872
0.000004619999999999965, -0.0371650211565584
0.000004619999999999965, -0.07254348848142911
0.000004619999999999965, -0.11803008932769155
0.000004629999999999967, 0.07402444757874949
0.000004629999999999967, 0.038645980253878776
0.000004629999999999967, 0.003267512929008065
0.000004629999999999967, -0.032110954395862645
0.000004629999999999967, -0.06748942172073336
0.000004629999999999967, -0.10286788904560407
0.000004629999999999967, -0.13824635637047478
0.000004629999999999967, -0.1736248236953455
0.000004629999999999967, -0.2090032910202162
0.000004629999999999967, -0.25196285848613065
0.000004639999999999965, 0.07402444757874949
0.000004639999999999965, 0.038645980253878776
0.000004639999999999965, 0.003267512929008065
0.000004639999999999965, -0.032110954395862645
0.000004639999999999965, -0.06748942172073336
0.000004639999999999965, -0.10286788904560407
0.000004639999999999965, -0.13824635637047478
0.000004639999999999965, -0.1736248236953455
0.000004639999999999965, -0.2090032910202162
0.000004639999999999965, -0.25196285848613065
0.0000046499999999999665, -0.2090032910202162
0.0000046499999999999665, -0.2544898918664784
0.000004659999999999965, -0.2090032910202162
0.000004659999999999965, -0.2544898918664784
0.000004669999999999966, -0.2544898918664784
0.000004669999999999966, -0.2898683591913491
0.000004669999999999966, -0.32524682651621983
0.000004669999999999966, -0.36062529384109054
0.000004669999999999966, -0.406111894687353
0.0000046799999999999645, -0.2544898918664784
0.0000046799999999999645, -0.2898683591913491
0.0000046799999999999645, -0.32524682651621983
0.0000046799999999999645, -0.36062529384109054
0.0000046799999999999645, -0.406111894687353
0.000004689999999999966, -0.3050305594734366
0.000004689999999999966, -0.3404090267983073
0.000004689999999999966, -0.375787494123178
0.000004689999999999966, -0.4162200282087447
0.000004699999999999964, -0.3050305594734366
0.000004699999999999964, -0.3404090267983073
0.000004699999999999964, -0.375787494123178
0.000004699999999999964, -0.4162200282087447
0.000004709999999999966, -0.3303008932769158
0.000004709999999999966, -0.3656793606017865
0.000004709999999999966, -0.40105782792665723
0.000004709999999999966, -0.43643629525152794
0.000004709999999999966, -0.47181476257639865
0.000004709999999999966, -0.5071932299012694
0.000004709999999999966, -0.5425716972261401
0.000004709999999999966, -0.5830042313117065
0.000004719999999999964, -0.3303008932769158
0.000004719999999999964, -0.3656793606017865
0.000004719999999999964, -0.40105782792665723
0.000004719999999999964, -0.43643629525152794
0.000004719999999999964, -0.47181476257639865
0.000004719999999999964, -0.5071932299012694
0.000004719999999999964, -0.5425716972261401
0.000004719999999999964, -0.5830042313117065
0.000004729999999999966, -0.49708509637987763
0.000004729999999999966, -0.5324635637047483
0.000004729999999999966, -0.567842031029619
0.000004729999999999966, -0.60322049835449
0.000004729999999999966, -0.6385989656793605
0.000004729999999999966, -0.6866125999059709
0.000004739999999999964, -0.49708509637987763
0.000004739999999999964, -0.5324635637047483
0.000004739999999999964, -0.567842031029619
0.000004739999999999964, -0.60322049835449
0.000004739999999999964, -0.6385989656793605
0.000004739999999999964, -0.6866125999059709
0.0000047499999999999655, -0.5021391631405734
0.0000047499999999999655, -0.5375176304654441
0.0000047499999999999655, -0.572896097790315
0.0000047499999999999655, -0.6082745651151855
0.0000047499999999999655, -0.643653032440056
0.0000047499999999999655, -0.6790314997649269
0.0000047499999999999655, -0.7144099670897979
0.0000047499999999999655, -0.7497884344146684
0.0000047499999999999655, -0.7851669017395388
0.0000047499999999999655, -0.8205453690644098
0.0000047499999999999655, -0.8559238363892807
0.000004759999999999964, -0.5021391631405734
0.000004759999999999964, -0.5375176304654441
0.000004759999999999964, -0.572896097790315
0.000004759999999999964, -0.6082745651151855
0.000004759999999999964, -0.643653032440056
0.000004759999999999964, -0.6790314997649269
0.000004759999999999964, -0.7144099670897979
0.000004759999999999964, -0.7497884344146684
0.000004759999999999964, -0.7851669017395388
0.000004759999999999964, -0.8205453690644098
0.000004759999999999964, -0.8559238363892807
0.000004769999999999965, -0.8508697696285847
0.000004769999999999965, -0.8862482369534557
0.000004769999999999965, -0.9216267042783262
0.000004769999999999965, -0.9696403385049366
0.0000047799999999999636, -0.8508697696285847
0.0000047799999999999636, -0.8862482369534557
0.0000047799999999999636, -0.9216267042783262
0.0000047799999999999636, -0.9696403385049366
0.000004789999999999965, -0.9797484720263281
0.000004799999999999963, -0.9797484720263281
0.000004809999999999965, -0.9898566055477196
0.000004819999999999963, -0.9898566055477196
0.000004829999999999965, -0.9898566055477196
0.000004839999999999963, -0.9898566055477196
0.0000048499999999999646, -0.9923836389280676
0.000004859999999999963, -0.9949106723084156
0.000004869999999999964, -0.9949106723084156
0.000004879999999999963, -0.9949106723084156
0.000004889999999999964, -0.9949106723084156
0.000004899999999999962, -0.9949106723084156
0.000004909999999999964, -0.9949106723084156
0.000004919999999999962, -0.9974377056887636
0.000004929999999999964, -0.9974377056887636
0.000004939999999999962, -0.9999647390691111
0.000004949999999999964, -0.9999647390691111
0.000004959999999999962, -0.9999647390691111
0.0000049699999999999634, -0.9999647390691111
0.000004979999999999962, -0.9999647390691111
0.000004989999999999963, -0.9999647390691111
0.0000049999999999999614, -1.002491772449459
0.000005009999999999963, -1.002491772449459
0.000005019999999999961, -1.002491772449459
0.000005029999999999963, -1.002491772449459
0.000005039999999999961, -1.002491772449459
0.000005049999999999963, -1.002491772449459
0.000005059999999999961, -1.002491772449459
0.0000050699999999999625, -1.002491772449459
0.000005079999999999961, -1.002491772449459
0.000005089999999999962, -1.002491772449459
0.0000050999999999999605, -1.002491772449459
0.000005109999999999962, -1.002491772449459
0.00000511999999999996, -1.002491772449459
0.000005129999999999962, -1.002491772449459
0.00000513999999999996, -1.002491772449459
0.000005149999999999962, -1.002491772449459
0.00000515999999999996, -1.002491772449459
0.0000051699999999999615, -1.002491772449459
0.00000517999999999996, -1.005018805829807
0.000005189999999999961, -1.005018805829807
0.0000051999999999999595, -1.005018805829807
0.000005209999999999961, -1.005018805829807
0.000005219999999999959, -1.005018805829807
0.000005229999999999961, -1.005018805829807
0.000005239999999999959, -1.005018805829807
0.000005249999999999961, -1.005018805829807
0.000005259999999999959, -1.005018805829807
0.0000052699999999999606, -1.005018805829807
0.000005279999999999959, -1.005018805829807
0.00000528999999999996, -1.005018805829807
0.0000052999999999999586, -1.005018805829807
0.00000530999999999996, -1.002491772449459
0.000005319999999999958, -1.002491772449459
0.00000532999999999996, -1.002491772449459
0.000005339999999999958, -1.002491772449459
0.00000534999999999996, -1.002491772449459
0.000005359999999999958, -1.002491772449459
0.00000536999999999996, -0.9999647390691111
0.000005379999999999958, -0.9999647390691111
0.000005389999999999959, -0.9999647390691111
0.000005399999999999958, -0.9999647390691111
0.000005409999999999959, -0.9999647390691111
0.0000054199999999999574, -0.9999647390691111
0.000005429999999999959, -0.9999647390691111
0.000005439999999999957, -0.9999647390691111
0.000005449999999999959, -0.9999647390691111
0.000005459999999999957, -0.9999647390691111
0.000005469999999999959, -0.9999647390691111
0.000005479999999999957, -0.9999647390691111
0.0000054899999999999584, -0.9999647390691111
0.000005499999999999957, -0.9999647390691111
0.000005509999999999958, -0.9999647390691111
0.0000055199999999999565, -0.9999647390691111
0.000005529999999999958, -0.9999647390691111
0.000005539999999999956, -0.9999647390691111
0.000005549999999999958, -0.9974377056887636
0.000005559999999999956, -0.9974377056887636
0.000005569999999999958, -0.9923836389280676
0.000005579999999999956, -0.9923836389280676
0.0000055899999999999575, -0.9873295721673716
0.000005599999999999956, -0.9873295721673716
0.000005609999999999957, -0.9797484720263281
0.0000056199999999999555, -0.9797484720263281
0.000005629999999999957, -0.9645862717442406
0.000005639999999999955, -0.9645862717442406
0.000005649999999999957, -0.8913023037141512
0.000005649999999999957, -0.9266807710390221
0.000005659999999999955, -0.8913023037141512
0.000005659999999999955, -0.9266807710390221
0.000005669999999999957, -0.7801128349788433
0.000005669999999999957, -0.8154913023037138
0.000005669999999999957, -0.8508697696285847
0.000005669999999999957, -0.8988834038551947
0.000005679999999999955, -0.7801128349788433
0.000005679999999999955, -0.8154913023037138
0.000005679999999999955, -0.8508697696285847
0.000005679999999999955, -0.8988834038551947
0.0000056899999999999565, -0.7043018335684059
0.0000056899999999999565, -0.7396803008932769
0.0000056899999999999565, -0.7750587682181478
0.0000056899999999999565, -0.8205453690644098
0.000005699999999999955, -0.7043018335684059
0.000005699999999999955, -0.7396803008932769
0.000005699999999999955, -0.7750587682181478
0.000005699999999999955, -0.8205453690644098
0.000005709999999999956, -0.572896097790315
0.000005709999999999956, -0.6082745651151855
0.000005709999999999956, -0.643653032440056
0.000005709999999999956, -0.6790314997649269
0.000005709999999999956, -0.7245181006111894
0.0000057199999999999546, -0.5476257639868358
0.0000057199999999999546, -0.59058533145275
0.000005729999999999956, -0.5476257639868358
0.000005729999999999956, -0.59058533145275
0.000005739999999999954, -0.48192289609779015
0.000005739999999999954, -0.5173013634226609
0.000005749999999999956, -0.48192289609779015
0.000005749999999999956, -0.5173013634226609
0.000005759999999999954, -0.3909496944052655
0.000005759999999999954, -0.4263281617301362
0.000005759999999999954, -0.4768688293370944
0.000005769999999999956, -0.3909496944052655
0.000005769999999999956, -0.4263281617301362
0.000005769999999999956, -0.4768688293370944
0.000005779999999999954, -0.31513869299482833
0.000005779999999999954, -0.35051716031969904
0.000005779999999999954, -0.40105782792665723
0.0000057899999999999556, -0.31513869299482833
0.0000057899999999999556, -0.35051716031969904
0.0000057899999999999556, -0.40105782792665723
0.000005799999999999954, -0.2696520921485659
0.000005799999999999954, -0.31513869299482833
0.000005809999999999955, -0.2696520921485659
0.000005809999999999955, -0.31513869299482833
0.000005819999999999954, -0.183732957216737
0.000005819999999999954, -0.2191114245416077
0.000005819999999999954, -0.2544898918664784
0.000005819999999999954, -0.3050305594734366
0.000005829999999999955, -0.183732957216737
0.000005829999999999955, -0.2191114245416077
0.000005829999999999955, -0.2544898918664784
0.000005829999999999955, -0.3050305594734366
0.000005839999999999953, -0.18120592383638923
0.000005849999999999955, -0.18120592383638923
0.000005859999999999953, -0.14330042313117053
0.000005869999999999955, -0.14330042313117053
0.000005879999999999953, 0.2054301833568406
0.000005879999999999953, 0.1700517160319701
0.000005879999999999953, 0.1346732487070994
0.000005879999999999953, 0.09929478138222869
0.000005879999999999953, 0.06391631405735798
0.000005879999999999953, 0.02853784673248727
0.000005879999999999953, -0.0068406205923834396
0.000005879999999999953, -0.04221908791725415
0.000005879999999999953, -0.07759755524212486
0.000005879999999999953, -0.11297602256699557
0.000005879999999999953, -0.15088152327221427
0.000005889999999999955, 0.2054301833568406
0.000005889999999999955, 0.1700517160319701
0.000005889999999999955, 0.1346732487070994
0.000005889999999999955, 0.09929478138222869
0.000005889999999999955, 0.06391631405735798
0.000005889999999999955, 0.02853784673248727
0.000005889999999999955, -0.0068406205923834396
0.000005889999999999955, -0.04221908791725415
0.000005889999999999955, -0.07759755524212486
0.000005889999999999955, -0.11297602256699557
0.000005889999999999955, -0.15088152327221427
0.000005899999999999953, 0.5238363892806771
0.000005899999999999953, 0.4884579219558064
0.000005899999999999953, 0.4530794546309357
0.000005899999999999953, 0.41770098730606486
0.000005899999999999953, 0.3823225199811944
0.000005899999999999953, 0.34694405265632344
0.000005899999999999953, 0.31156558533145295
0.000005899999999999953, 0.276187118006582
0.000005899999999999953, 0.24080865068171153
0.000005899999999999953, 0.2054301833568406
0.000005899999999999953, 0.1700517160319701
0.000005899999999999953, 0.12709214856605566
0.0000059099999999999544, 0.5238363892806771
0.0000059099999999999544, 0.4884579219558064
0.0000059099999999999544, 0.4530794546309357
0.0000059099999999999544, 0.41770098730606486
0.0000059099999999999544, 0.3823225199811944
0.0000059099999999999544, 0.34694405265632344
0.0000059099999999999544, 0.31156558533145295
0.0000059099999999999544, 0.276187118006582
0.0000059099999999999544, 0.24080865068171153
0.0000059099999999999544, 0.2054301833568406
0.0000059099999999999544, 0.1700517160319701
0.0000059099999999999544, 0.12709214856605566
0.000005919999999999953, 0.8675129290079926
0.000005919999999999953, 0.8321344616831219
0.000005919999999999953, 0.7967559943582512
0.000005919999999999953, 0.7613775270333805
0.000005919999999999953, 0.7259990597085098
0.000005919999999999953, 0.690620592383639
0.000005919999999999953, 0.6552421250587683
0.000005919999999999953, 0.6198636577338976
0.000005919999999999953, 0.5844851904090269
0.000005919999999999953, 0.5491067230841562
0.000005919999999999953, 0.5137282557592855
0.000005919999999999953, 0.46824165491302316
0.000005929999999999954, 0.8675129290079926
0.000005929999999999954, 0.8321344616831219
0.000005929999999999954, 0.7967559943582512
0.000005929999999999954, 0.7613775270333805
0.000005929999999999954, 0.7259990597085098
0.000005929999999999954, 0.690620592383639
0.000005929999999999954, 0.6552421250587683
0.000005929999999999954, 0.6198636577338976
0.000005929999999999954, 0.5844851904090269
0.000005929999999999954, 0.5491067230841562
0.000005929999999999954, 0.5137282557592855
0.000005929999999999954, 0.46824165491302316
0.0000059399999999999524, 0.9888105312646922
0.0000059399999999999524, 0.9534320639398215
0.0000059399999999999524, 0.9180535966149508
0.0000059399999999999524, 0.8826751292900801
0.0000059399999999999524, 0.8472966619652094
0.0000059399999999999524, 0.8119181946403387
0.000005949999999999954, 0.9888105312646922
0.000005949999999999954, 0.9534320639398215
0.000005949999999999954, 0.9180535966149508
0.000005949999999999954, 0.8826751292900801
0.000005949999999999954, 0.8472966619652094
0.000005949999999999954, 0.8119181946403387
0.000005959999999999952, 0.9862834978843442
0.000005969999999999954, 0.9862834978843442
0.000005979999999999952, 0.9862834978843442
0.000005989999999999954, 0.9862834978843442
0.000005999999999999952, 0.9862834978843442
0.0000060099999999999535, 0.9862834978843442
0.000006019999999999952, 0.9888105312646922
0.000006029999999999953, 0.9888105312646922
0.0000060399999999999515, 0.9888105312646922
0.000006049999999999953, 0.9888105312646922
0.000006059999999999951, 0.9888105312646922
0.000006069999999999953, 0.9888105312646922
0.000006079999999999951, 0.9888105312646922
0.000006089999999999953, 0.9888105312646922
0.000006099999999999949, 0.9888105312646922
0.0000061099999999999525, 0.9888105312646922
0.000006119999999999949, 0.99133756464504
0.000006129999999999952, 0.99133756464504
0.0000061399999999999505, 0.99133756464504
0.000006149999999999952, 0.99133756464504
0.00000615999999999995, 0.99133756464504
0.000006169999999999952, 0.99133756464504
0.00000617999999999995, 0.99133756464504
0.000006189999999999952, 0.99133756464504
0.00000619999999999995, 0.99133756464504
0.0000062099999999999516, 0.99133756464504
0.00000621999999999995, 0.99133756464504
0.000006229999999999951, 0.99133756464504
0.0000062399999999999496, 0.99133756464504
0.000006249999999999951, 0.99133756464504
0.000006259999999999949, 0.99133756464504
0.000006269999999999951, 0.99133756464504
0.000006279999999999949, 0.99133756464504
0.000006289999999999951, 0.99133756464504
0.000006299999999999949, 0.99133756464504
0.000006309999999999951, 0.99133756464504
0.000006319999999999949, 0.99133756464504
0.00000632999999999995, 0.99133756464504
0.000006339999999999949, 0.99133756464504
0.00000634999999999995, 0.99133756464504
0.0000063599999999999484, 0.99133756464504
0.00000636999999999995, 0.99133756464504
0.000006379999999999948, 0.99133756464504
0.0000063899999999999515, 0.99133756464504
0.000006399999999999948, 0.99133756464504
0.000006409999999999948, 0.99133756464504
0.000006419999999999948, 0.99133756464504
0.000006429999999999948, 0.99133756464504
0.000006439999999999948, 0.99133756464504
0.0000064499999999999476, 0.99133756464504
0.0000064599999999999475, 0.99133756464504
0.000006469999999999947, 0.99133756464504
0.000006479999999999947, 0.99133756464504
0.000006489999999999947, 0.99133756464504
0.000006499999999999949, 0.99133756464504
0.000006509999999999949, 0.99133756464504
0.000006519999999999949, 0.99133756464504
0.0000065299999999999485, 0.99133756464504
0.000006539999999999945, 0.99133756464504
0.000006549999999999948, 0.99133756464504
0.000006559999999999945, 0.99133756464504
0.000006569999999999948, 0.99133756464504
0.000006579999999999945, 0.99133756464504
0.000006589999999999948, 0.99133756464504
0.0000065999999999999444, 0.99133756464504
0.000006609999999999948, 0.99133756464504
0.000006619999999999946, 0.99133756464504
0.0000066299999999999475, 0.99133756464504
0.000006639999999999946, 0.99133756464504
0.000006649999999999947, 0.99133756464504
0.0000066599999999999456, 0.99133756464504
0.000006669999999999947, 0.99133756464504
0.000006679999999999945, 0.99133756464504
0.000006689999999999947, 0.99133756464504
0.000006699999999999945, 0.99133756464504
0.000006709999999999947, 0.99133756464504
0.000006719999999999945, 0.99133756464504
0.0000067299999999999466, 0.99133756464504
0.000006739999999999945, 0.99133756464504
0.000006749999999999946, 0.99133756464504
0.000006759999999999945, 0.99133756464504
0.000006769999999999946, 0.99133756464504
0.000006779999999999944, 0.99133756464504
0.000006789999999999946, 0.99133756464504
0.000006799999999999944, 0.99133756464504
0.000006809999999999946, 0.99133756464504
0.000006819999999999944, 0.99133756464504
0.000006829999999999946, 0.99133756464504
0.000006839999999999944, 0.9888105312646922
0.0000068499999999999454, 0.9888105312646922
0.000006859999999999944, 0.9888105312646922
0.000006869999999999947, 0.9888105312646922
0.0000068799999999999434, 0.9888105312646922
0.000006889999999999943, 0.9888105312646922
0.000006899999999999943, 0.9862834978843442
0.000006909999999999943, 0.9862834978843442
0.000006919999999999943, 0.9862834978843442
0.000006929999999999943, 0.9862834978843442
0.000006939999999999943, 0.9862834978843442
0.000006949999999999943, 0.9862834978843442
0.000006959999999999943, 0.9862834978843442
0.000006969999999999943, 0.9862834978843442
0.000006979999999999944, 0.9862834978843442
0.000006989999999999944, 0.9862834978843442
0.000006999999999999944, 0.9888105312646922
0.000006999999999999944, 0.9534320639398215
0.000006999999999999944, 0.9180535966149508
0.000006999999999999944, 0.8826751292900801
0.000006999999999999944, 0.8472966619652094
0.000006999999999999944, 0.8119181946403387
0.000006999999999999944, 0.7765397273154679
0.000006999999999999944, 0.7411612599905972
0.000006999999999999944, 0.7057827926657265
0.000006999999999999944, 0.6704043253408558
0.000006999999999999944, 0.6350258580159851
0.000006999999999999944, 0.5996473906911144
0.000006999999999999944, 0.5642689233662437
0.000006999999999999944, 0.528890456041373
0.000006999999999999944, 0.49351198871650226
0.000006999999999999944, 0.45813352139163155
0.000006999999999999944, 0.42275505406676084
0.000006999999999999944, 0.3873765867418901
0.000006999999999999944, 0.3519981194170194
0.000006999999999999944, 0.3166196520921487
0.000006999999999999944, 0.281241184767278
0.000006999999999999944, 0.24586271744240729
0.000006999999999999944, 0.21048425011753658
0.000006999999999999944, 0.17510578279266586
0.000006999999999999944, 0.13972731546779515
0.000006999999999999944, 0.10434884814292444
0.000006999999999999944, 0.05886224729666201
0.000007009999999999944, 0.2307005171603198
0.000007009999999999944, 0.1953220498354491
0.000007009999999999944, 0.15994358251057839
0.000007009999999999944, 0.12456511518570768
0.000007009999999999944, 0.08918664786083697
0.000007009999999999944, 0.053808180535966255
0.000007009999999999944, 0.018429713211095544
0.000007009999999999944, -0.016948754113775166
0.000007009999999999944, -0.05232722143864588
0.000007009999999999944, -0.08770568876351659
0.000007009999999999944, -0.1230841560883873
0.000007009999999999944, -0.1736248236953455
0.00000701999999999994, 0.2307005171603198
0.00000701999999999994, 0.1953220498354491
0.00000701999999999994, 0.15994358251057839
0.00000701999999999994, 0.12456511518570768
0.00000701999999999994, 0.08918664786083697
0.00000701999999999994, 0.053808180535966255
0.00000701999999999994, 0.018429713211095544
0.00000701999999999994, -0.016948754113775166
0.00000701999999999994, -0.05232722143864588
0.00000701999999999994, -0.08770568876351659
0.00000701999999999994, -0.1230841560883873
0.00000701999999999994, -0.1736248236953455
0.000007029999999999944, -0.1736248236953455
0.000007029999999999944, -0.2090032910202162
0.000007029999999999944, -0.24943582510578266
0.00000703999999999994, -0.1736248236953455
0.00000703999999999994, -0.2090032910202162
0.00000703999999999994, -0.24943582510578266
0.0000070499999999999435, -0.2443817583450869
0.0000070499999999999435, -0.2949224259520451
0.00000705999999999994, -0.2443817583450869
0.00000705999999999994, -0.2949224259520451
0.000007069999999999943, -0.29997649271274085
0.000007069999999999943, -0.3404090267983073
0.00000707999999999994, -0.29997649271274085
0.00000707999999999994, -0.3404090267983073
0.000007089999999999943, -0.31513869299482833
0.000007089999999999943, -0.3580982604607428
0.000007099999999999941, -0.31513869299482833
0.000007099999999999941, -0.3580982604607428
0.000007109999999999943, -0.31513869299482833
0.000007109999999999943, -0.3656793606017865
0.000007119999999999941, -0.31513869299482833
0.000007119999999999941, -0.3656793606017865
0.000007129999999999943, -0.3909496944052655
0.000007139999999999941, -0.3909496944052655
0.0000071499999999999426, -0.39600376116596125
0.0000071499999999999426, -0.43138222849083196
0.0000071499999999999426, -0.47181476257639865
0.000007159999999999941, -0.39600376116596125
0.000007159999999999941, -0.43138222849083196
0.000007159999999999941, -0.47181476257639865
0.000007169999999999942, -0.44654442877291944
0.000007169999999999942, -0.48444992947813814
0.0000071799999999999406, -0.44654442877291944
0.0000071799999999999406, -0.48444992947813814
0.000007189999999999942, -0.4768688293370944
0.000007189999999999942, -0.5173013634226609
0.00000719999999999994, -0.4768688293370944
0.00000719999999999994, -0.5173013634226609
0.000007209999999999942, -0.5349905970850963
0.00000721999999999994, -0.5349905970850963
0.000007229999999999942, -0.5021391631405734
0.000007229999999999942, -0.5400446638457921
0.00000723999999999994, -0.5021391631405734
0.00000723999999999994, -0.5400446638457921
0.000007249999999999942, -0.5021391631405734
0.000007249999999999942, -0.5375176304654441
0.000007249999999999942, -0.572896097790315
0.000007249999999999942, -0.6082745651151855
0.00000725999999999994, -0.5021391631405734
0.00000725999999999994, -0.5375176304654441
0.00000725999999999994, -0.572896097790315
0.00000725999999999994, -0.6082745651151855
0.000007269999999999941, -0.572896097790315
0.000007269999999999941, -0.6082745651151855
0.000007269999999999941, -0.643653032440056
0.000007269999999999941, -0.6790314997649269
0.000007269999999999941, -0.7144099670897979
0.000007269999999999941, -0.7497884344146684
0.000007269999999999941, -0.7927480018805828
0.00000727999999999994, -0.572896097790315
0.00000727999999999994, -0.6082745651151855
0.00000727999999999994, -0.643653032440056
0.00000727999999999994, -0.6790314997649269
0.00000727999999999994, -0.7144099670897979
0.00000727999999999994, -0.7497884344146684
0.00000727999999999994, -0.7927480018805828
0.000007289999999999941, -0.648707099200752
0.000007289999999999941, -0.6840855665256229
0.000007289999999999941, -0.7194640338504938
0.000007289999999999941, -0.7548425011753643
0.000007289999999999941, -0.7952750352609308
0.0000072999999999999394, -0.648707099200752
0.0000072999999999999394, -0.6840855665256229
0.0000072999999999999394, -0.7194640338504938
0.0000072999999999999394, -0.7548425011753643
0.0000072999999999999394, -0.7952750352609308
0.000007309999999999941, -0.7548425011753643
0.000007309999999999941, -0.7902209685002348
0.000007309999999999941, -0.8255994358251058
0.000007309999999999941, -0.8660319699106722
0.000007319999999999939, -0.7548425011753643
0.000007319999999999939, -0.7902209685002348
0.000007319999999999939, -0.8255994358251058
0.000007319999999999939, -0.8660319699106722
0.000007329999999999941, -0.8205453690644098
0.000007329999999999941, -0.8660319699106722
0.000007339999999999939, -0.8205453690644098
0.000007339999999999939, -0.8660319699106722
0.000007349999999999942, -0.8660319699106722
0.000007349999999999942, -0.9165726375176302
0.000007359999999999939, -0.8660319699106722
0.000007359999999999939, -0.9165726375176302
0.000007369999999999942, -0.9266807710390221
0.000007369999999999942, -0.9746944052656321
0.000007379999999999939, -0.9266807710390221
0.000007379999999999939, -0.9746944052656321
0.0000073899999999999386, -0.9822755054066761
0.0000073999999999999385, -0.9822755054066761
0.000007409999999999938, -0.9898566055477196
0.000007419999999999938, -0.9898566055477196
0.000007429999999999938, -0.9923836389280676
0.000007439999999999938, -0.9923836389280676
0.000007449999999999938, -0.9923836389280676
0.000007459999999999938, -0.9949106723084156
0.0000074699999999999395, -0.9949106723084156
0.000007479999999999939, -0.9949106723084156
0.000007489999999999939, -0.9949106723084156
0.000007499999999999936, -0.9949106723084156
0.000007509999999999939, -0.9949106723084156
0.000007519999999999936, -0.9974377056887636
0.000007529999999999939, -0.9974377056887636
0.0000075399999999999354, -0.9974377056887636
0.000007549999999999939, -0.9974377056887636
0.000007559999999999935, -0.9999647390691111
0.0000075699999999999385, -0.9999647390691111
0.000007579999999999937, -0.9999647390691111
0.000007589999999999938, -0.9999647390691111
0.0000075999999999999366, -0.9999647390691111
0.000007609999999999938, -0.9999647390691111
0.000007619999999999936, -0.9999647390691111
0.000007629999999999939, -0.9999647390691111
0.000007639999999999937, -0.9999647390691111
0.000007649999999999939, -0.9999647390691111
0.000007659999999999937, -0.9999647390691111
0.000007669999999999938, -0.9999647390691111
0.000007679999999999937, -0.9999647390691111
0.000007689999999999938, -0.9999647390691111
0.000007699999999999936, -0.9999647390691111
0.000007709999999999938, -0.9999647390691111
0.000007719999999999936, -0.9999647390691111
0.000007729999999999938, -0.9999647390691111
0.000007739999999999936, -0.9999647390691111
0.000007749999999999938, -0.9999647390691111
0.000007759999999999936, -0.9974377056887636
0.000007769999999999937, -0.9974377056887636
0.000007779999999999936, -0.9974377056887636
0.000007789999999999937, -0.9974377056887636
0.000007799999999999935, -0.9974377056887636
0.000007809999999999937, -0.9974377056887636
0.000007819999999999935, -0.9949106723084156
0.000007829999999999937, -0.9949106723084156
0.000007839999999999935, -0.9949106723084156
0.000007849999999999937, -0.9949106723084156
0.000007859999999999935, -0.9949106723084156
0.000007869999999999933, -0.9949106723084156
0.000007879999999999935, -0.9949106723084156
0.000007889999999999933, -0.9949106723084156
0.000007899999999999935, -0.9949106723084156
0.000007909999999999933, -0.9949106723084156
0.000007919999999999934, -0.9949106723084156
0.000007929999999999933, -0.9949106723084156
0.000007939999999999934, -0.9949106723084156
0.000007949999999999936, -0.9949106723084156
0.000007959999999999934, -0.9949106723084156
0.000007969999999999936, -0.9949106723084156
0.00000797999999999993, -0.9949106723084156
0.000007989999999999935, -0.9923836389280676
0.00000799999999999993, -0.9923836389280676
0.000008009999999999935, -0.9923836389280676
0.00000801999999999993, -0.9923836389280676
0.000008029999999999935, -0.9923836389280676
0.00000803999999999993, -0.9923836389280676
0.000008049999999999935, -0.9923836389280676
0.00000805999999999993, -0.9923836389280676
0.000008069999999999935, -0.628490832157969
0.000008069999999999935, -0.6638692994828399
0.000008069999999999935, -0.6992477668077104
0.000008069999999999935, -0.7346262341325809
0.000008069999999999935, -0.7700047014574518
0.000008069999999999935, -0.8053831687823227
0.000008069999999999935, -0.8407616361071932
0.000008069999999999935, -0.8761401034320637
0.000008069999999999935, -0.9115185707569347
0.000008069999999999935, -0.9468970380818051
0.000008069999999999935, -0.9873295721673716
0.000008079999999999933, -0.628490832157969
0.000008079999999999933, -0.6638692994828399
0.000008079999999999933, -0.6992477668077104
0.000008079999999999933, -0.7346262341325809
0.000008079999999999933, -0.7700047014574518
0.000008079999999999933, -0.8053831687823227
0.000008079999999999933, -0.8407616361071932
0.000008079999999999933, -0.8761401034320637
0.000008079999999999933, -0.9115185707569347
0.000008079999999999933, -0.9468970380818051
0.000008079999999999933, -0.9873295721673716
0.000008089999999999934, -0.572896097790315
0.000008089999999999934, -0.6082745651151855
0.000008089999999999934, -0.643653032440056
0.000008089999999999934, -0.6790314997649269
0.000008089999999999934, -0.7144099670897979
0.000008089999999999934, -0.7497884344146684
0.000008089999999999934, -0.8003291020216268
0.000008099999999999933, -0.572896097790315
0.000008099999999999933, -0.6082745651151855
0.000008099999999999933, -0.643653032440056
0.000008099999999999933, -0.6790314997649269
0.000008099999999999933, -0.7144099670897979
0.000008099999999999933, -0.7497884344146684
0.000008099999999999933, -0.8003291020216268
0.000008109999999999934, -0.5274094969440526
0.000008109999999999934, -0.572896097790315
0.000008119999999999932, -0.5274094969440526
0.000008119999999999932, -0.572896097790315
0.000008129999999999934, -0.4667606958157027
0.000008129999999999934, -0.5021391631405734
0.000008139999999999932, -0.4667606958157027
0.000008139999999999932, -0.5021391631405734
0.000008149999999999934, -0.406111894687353
0.000008149999999999934, -0.4414903620122237
0.000008149999999999934, -0.4793958627174424
0.000008159999999999932, -0.406111894687353
0.000008159999999999932, -0.4414903620122237
0.000008159999999999932, -0.4793958627174424
0.000008169999999999934, -0.35051716031969904
0.000008169999999999934, -0.38589562764456975
0.000008179999999999932, -0.35051716031969904
0.000008179999999999932, -0.38589562764456975
0.000008189999999999933, -0.3050305594734366
0.000008189999999999933, -0.35051716031969904
0.000008199999999999932, -0.3050305594734366
0.000008199999999999932, -0.35051716031969904
0.000008209999999999933, -0.2544898918664784
0.000008209999999999933, -0.30250352609308884
0.000008219999999999931, -0.2544898918664784
0.000008219999999999931, -0.30250352609308884
0.000008229999999999933, -0.183732957216737
0.000008229999999999933, -0.2191114245416077
0.000008229999999999933, -0.2595439586271744
0.000008239999999999931, -0.183732957216737
0.000008239999999999931, -0.2191114245416077
0.000008239999999999931, -0.2595439586271744
0.000008249999999999933, -0.14835448989186628
0.000008249999999999933, -0.19131405735778073
0.000008259999999999931, -0.14835448989186628
0.000008259999999999931, -0.19131405735778073
0.000008269999999999933, 0.3166196520921487
0.000008269999999999933, 0.281241184767278
0.000008269999999999933, 0.24586271744240729
0.000008269999999999933, 0.21048425011753658
0.000008269999999999933, 0.17510578279266586
0.000008269999999999933, 0.13972731546779515
0.000008269999999999933, 0.10434884814292444
0.000008269999999999933, 0.06897038081805373
0.000008269999999999933, 0.03359191349318302
0.000008269999999999933, -0.0017865538316876872
0.000008269999999999933, -0.0371650211565584
0.000008269999999999933, -0.07254348848142911
0.000008269999999999933, -0.10792195580629982
0.000008269999999999933, -0.14835448989186628
0.000008279999999999931, 0.3166196520921487
0.000008279999999999931, 0.281241184767278
0.000008279999999999931, 0.24586271744240729
0.000008279999999999931, 0.21048425011753658
0.000008279999999999931, 0.17510578279266586
0.000008279999999999931, 0.13972731546779515
0.000008279999999999931, 0.10434884814292444
0.000008279999999999931, 0.06897038081805373
0.000008279999999999931, 0.03359191349318302
0.000008279999999999931, -0.0017865538316876872
0.000008279999999999931, -0.0371650211565584
0.000008279999999999931, -0.07254348848142911
0.000008279999999999931, -0.10792195580629982
0.000008279999999999931, -0.14835448989186628
0.000008289999999999932, 0.7866478608368593
0.000008289999999999932, 0.7512693935119886
0.000008289999999999932, 0.7158909261871179
0.000008289999999999932, 0.6805124588622472
0.000008289999999999932, 0.6451339915373765
0.000008289999999999932, 0.6097555242125058
0.000008289999999999932, 0.5743770568876353
0.000008289999999999932, 0.5389985895627646
0.000008289999999999932, 0.5036201222378939
0.000008289999999999932, 0.46824165491302316
0.000008289999999999932, 0.43286318758815234
0.000008289999999999932, 0.39748472026328185
0.000008289999999999932, 0.3621062529384109
0.000008289999999999932, 0.32672778561354043
0.000008289999999999932, 0.2913493182886695
0.000008289999999999932, 0.255970850963799
0.000008289999999999932, 0.22059238363892808
0.000008289999999999932, 0.1826868829337096
0.00000829999999999993, 0.9888105312646922
0.00000829999999999993, 0.9534320639398215
0.00000829999999999993, 0.9180535966149508
0.00000829999999999993, 0.8826751292900801
0.00000829999999999993, 0.8472966619652094
0.00000829999999999993, 0.8119181946403387
0.00000829999999999993, 0.7765397273154679
0.00000829999999999993, 0.7411612599905972
0.00000829999999999993, 0.7032557592853785
0.000008309999999999932, 0.9888105312646922
0.000008309999999999932, 0.9534320639398215
0.000008309999999999932, 0.9180535966149508
0.000008309999999999932, 0.8826751292900801
0.000008309999999999932, 0.8472966619652094
0.000008309999999999932, 0.8119181946403387
0.000008309999999999932, 0.7765397273154679
0.000008309999999999932, 0.7411612599905972
0.000008309999999999932, 0.7032557592853785
0.00000831999999999993, 0.9862834978843442
0.000008329999999999932, 0.9862834978843442
0.00000833999999999993, 0.9862834978843442
0.000008349999999999929, 0.9862834978843442
0.00000835999999999993, 0.9862834978843442
0.000008369999999999928, 0.9862834978843442
0.00000837999999999993, 0.9862834978843442
0.000008389999999999928, 0.9862834978843442
0.00000839999999999993, 0.9862834978843442
0.000008409999999999928, 0.9862834978843442
0.00000841999999999993, 0.9862834978843442
0.000008429999999999928, 0.9862834978843442
0.00000843999999999993, 0.9888105312646922
0.000008449999999999931, 0.9888105312646922
0.000008459999999999926, 0.9888105312646922
0.00000846999999999993, 0.9888105312646922
0.000008479999999999926, 0.9888105312646922
0.00000848999999999993, 0.9888105312646922
0.000008499999999999925, 0.99133756464504
0.00000850999999999993, 0.99133756464504
0.000008519999999999925, 0.99133756464504
0.00000852999999999993, 0.99133756464504
0.000008539999999999925, 0.99133756464504
0.00000854999999999993, 0.99133756464504
0.000008559999999999928, 0.99133756464504
0.00000856999999999993, 0.99133756464504
0.000008579999999999928, 0.99133756464504
0.00000858999999999993, 0.99133756464504
0.000008599999999999928, 0.99133756464504
0.00000860999999999993, 0.99133756464504
0.000008619999999999928, 0.99133756464504
0.00000862999999999993, 0.99133756464504
0.000008639999999999927, 0.99133756464504
0.000008649999999999929, 0.99133756464504
0.000008659999999999927, 0.99133756464504
0.000008669999999999929, 0.99133756464504
0.000008679999999999927, 0.99133756464504
0.000008689999999999929, 0.99133756464504
0.000008699999999999927, 0.99133756464504
0.000008709999999999928, 0.99133756464504
0.000008719999999999927, 0.99133756464504
0.000008729999999999928, 0.99133756464504
0.000008739999999999926, 0.99133756464504
0.000008749999999999928, 0.99133756464504
0.000008759999999999926, 0.99133756464504
0.000008769999999999928, 0.99133756464504
0.000008779999999999926, 0.99133756464504
0.000008789999999999928, 0.99133756464504
0.000008799999999999926, 0.99133756464504
0.000008809999999999928, 0.99133756464504
0.000008819999999999926, 0.99133756464504
0.000008829999999999924, 0.99133756464504
0.000008839999999999926, 0.99133756464504
0.000008849999999999924, 0.99133756464504
0.000008859999999999925, 0.99133756464504
0.000008869999999999924, 0.99133756464504
0.000008879999999999925, 0.99133756464504
0.000008889999999999923, 0.99133756464504
0.000008899999999999925, 0.99133756464504
0.000008909999999999923, 0.99133756464504
0.000008919999999999925, 0.99133756464504
0.000008929999999999926, 0.99133756464504
0.000008939999999999921, 0.99133756464504
0.000008949999999999926, 0.99133756464504
0.000008959999999999921, 0.99133756464504
0.000008969999999999926, 0.99133756464504
0.00000897999999999992, 0.99133756464504
0.000008989999999999926, 0.99133756464504
0.00000899999999999992, 0.99133756464504
0.000009009999999999926, 0.99133756464504
0.00000901999999999992, 0.99133756464504
0.000009029999999999925, 0.99133756464504
0.000009039999999999924, 0.99133756464504
0.000009049999999999925, 0.99133756464504
0.000009059999999999923, 0.99133756464504
0.000009069999999999925, 0.99133756464504
0.000009079999999999923, 0.99133756464504
0.000009089999999999925, 0.99133756464504
0.000009099999999999923, 0.99133756464504
0.000009109999999999925, 0.99133756464504
0.000009119999999999923, 0.99133756464504
0.000009129999999999924, 0.99133756464504
0.000009139999999999923, 0.99133756464504
0.000009149999999999924, 0.99133756464504
0.000009159999999999922, 0.99133756464504
0.000009169999999999924, 0.99133756464504
0.000009179999999999922, 0.99133756464504
0.000009189999999999924, 0.99133756464504
0.000009199999999999922, 0.9888105312646922
0.000009209999999999924, 0.9888105312646922
0.000009219999999999922, 0.9888105312646922
0.000009229999999999923, 0.9888105312646922
0.000009239999999999922, 0.9888105312646922
0.000009249999999999923, 0.9888105312646922
0.000009259999999999922, 0.9888105312646922
0.000009269999999999923, 0.9888105312646922
0.000009279999999999921, 0.9862834978843442
0.000009289999999999923, 0.9862834978843442
0.000009299999999999921, 0.9862834978843442
0.00000930999999999992, 0.9862834978843442
0.000009319999999999921, 0.9862834978843442
0.000009329999999999919, 0.9862834978843442
0.00000933999999999992, 0.9862834978843442
0.000009349999999999919, 0.9862834978843442
0.00000935999999999992, 0.9862834978843442
0.000009369999999999919, 0.9862834978843442
0.00000937999999999992, 0.9888105312646922
0.00000937999999999992, 0.9534320639398215
0.00000937999999999992, 0.9180535966149508
0.00000937999999999992, 0.8826751292900801
0.00000937999999999992, 0.8472966619652094
0.00000937999999999992, 0.8119181946403387
0.00000937999999999992, 0.7765397273154679
0.00000937999999999992, 0.7411612599905972
0.00000937999999999992, 0.7057827926657265
0.00000937999999999992, 0.6704043253408558
0.00000937999999999992, 0.6350258580159851
0.00000937999999999992, 0.5996473906911144
0.00000937999999999992, 0.5642689233662437
0.00000937999999999992, 0.528890456041373
0.00000937999999999992, 0.49351198871650226
0.00000937999999999992, 0.45813352139163155
0.00000937999999999992, 0.42275505406676084
0.00000937999999999992, 0.3873765867418901
0.00000937999999999992, 0.3519981194170194
0.00000937999999999992, 0.3166196520921487
0.00000937999999999992, 0.281241184767278
0.00000937999999999992, 0.24586271744240729
0.00000937999999999992, 0.21048425011753658
0.00000937999999999992, 0.17510578279266586
0.00000937999999999992, 0.1346732487070994
0.000009389999999999919, 0.9888105312646922
0.000009389999999999919, 0.9534320639398215
0.000009389999999999919, 0.9180535966149508
0.000009389999999999919, 0.8826751292900801
0.000009389999999999919, 0.8472966619652094
0.000009389999999999919, 0.8119181946403387
0.000009389999999999919, 0.7765397273154679
0.000009389999999999919, 0.7411612599905972
0.000009389999999999919, 0.7057827926657265
0.000009389999999999919, 0.6704043253408558
0.000009389999999999919, 0.6350258580159851
0.000009389999999999919, 0.5996473906911144
0.000009389999999999919, 0.5642689233662437
0.000009389999999999919, 0.528890456041373
0.000009389999999999919, 0.49351198871650226
0.000009389999999999919, 0.45813352139163155
0.000009389999999999919, 0.42275505406676084
0.000009389999999999919, 0.3873765867418901
0.000009389999999999919, 0.3519981194170194
0.000009389999999999919, 0.3166196520921487
0.000009389999999999919, 0.281241184767278
0.000009389999999999919, 0.24586271744240729
0.000009389999999999919, 0.21048425011753658
0.000009389999999999919, 0.17510578279266586
0.000009389999999999919, 0.1346732487070994
0.00000939999999999992, 0.33683591913493194
0.00000939999999999992, 0.3014574518100612
0.00000939999999999992, 0.2660789844851905
0.00000939999999999992, 0.2307005171603198
0.00000939999999999992, 0.1953220498354491
0.00000939999999999992, 0.15994358251057839
0.00000939999999999992, 0.12456511518570768
0.00000939999999999992, 0.08918664786083697
0.00000939999999999992, 0.053808180535966255
0.00000939999999999992, 0.018429713211095544
0.00000939999999999992, -0.016948754113775166
0.00000939999999999992, -0.05232722143864588
0.00000939999999999992, -0.08770568876351659
0.00000939999999999992, -0.1230841560883873
0.00000939999999999992, -0.158462623413258
0.00000939999999999992, -0.2064762576398682
0.000009409999999999922, 0.33683591913493194
0.000009409999999999922, 0.3014574518100612
0.000009409999999999922, 0.2660789844851905
0.000009409999999999922, 0.2307005171603198
0.000009409999999999922, 0.1953220498354491
0.000009409999999999922, 0.15994358251057839
0.000009409999999999922, 0.12456511518570768
0.000009409999999999922, 0.08918664786083697
0.000009409999999999922, 0.053808180535966255
0.000009409999999999922, 0.018429713211095544
0.000009409999999999922, -0.016948754113775166
0.000009409999999999922, -0.05232722143864588
0.000009409999999999922, -0.08770568876351659
0.000009409999999999922, -0.1230841560883873
0.000009409999999999922, -0.158462623413258
0.000009409999999999922, -0.2064762576398682
0.000009419999999999917, -0.21405735778091195
0.000009419999999999917, -0.2595439586271744
0.000009429999999999922, -0.21405735778091195
0.000009429999999999922, -0.2595439586271744
0.000009439999999999916, -0.2544898918664784
0.000009439999999999916, -0.2898683591913491
0.000009439999999999916, -0.32524682651621983
0.000009439999999999916, -0.3682063939821343
0.000009449999999999921, -0.2544898918664784
0.000009449999999999921, -0.2898683591913491
0.000009449999999999921, -0.32524682651621983
0.000009449999999999921, -0.3682063939821343
0.000009459999999999916, -0.2949224259520451
0.000009459999999999916, -0.3303008932769158
0.000009459999999999916, -0.375787494123178
0.000009469999999999921, -0.2949224259520451
0.000009469999999999921, -0.3303008932769158
0.000009469999999999921, -0.375787494123178
0.000009479999999999916, -0.2949224259520451
0.000009479999999999916, -0.3303008932769158
0.000009479999999999916, -0.3656793606017865
0.000009479999999999916, -0.403584861307005
0.000009489999999999921, -0.2949224259520451
0.000009489999999999921, -0.3303008932769158
0.000009489999999999921, -0.3656793606017865
0.000009489999999999921, -0.403584861307005
0.000009499999999999916, -0.3909496944052655
0.000009499999999999916, -0.43643629525152794
0.00000950999999999992, -0.3909496944052655
0.00000950999999999992, -0.43643629525152794
0.000009519999999999919, -0.43643629525152794
0.000009519999999999919, -0.47181476257639865
0.000009519999999999919, -0.5071932299012694
0.000009519999999999919, -0.5425716972261401
0.000009519999999999919, -0.577950164551011
0.000009519999999999919, -0.6133286318758815
0.000009519999999999919, -0.648707099200752
0.00000952999999999992, -0.43643629525152794
0.00000952999999999992, -0.47181476257639865
0.00000952999999999992, -0.5071932299012694
0.00000952999999999992, -0.5425716972261401
0.00000952999999999992, -0.577950164551011
0.00000952999999999992, -0.6133286318758815
0.00000952999999999992, -0.648707099200752
0.000009539999999999919, -0.653761165961448
0.000009539999999999919, -0.6891396332863189
0.000009539999999999919, -0.7245181006111894
0.000009539999999999919, -0.7598965679360599
0.000009539999999999919, -0.7952750352609308
0.000009539999999999919, -0.8432886694875408
0.00000954999999999992, -0.653761165961448
0.00000954999999999992, -0.6891396332863189
0.00000954999999999992, -0.7245181006111894
0.00000954999999999992, -0.7598965679360599
0.00000954999999999992, -0.7952750352609308
0.00000954999999999992, -0.8432886694875408
0.000009559999999999919, -0.6385989656793605
0.000009559999999999919, -0.673977433004231
0.000009559999999999919, -0.7093559003291019
0.000009559999999999919, -0.7447343676539728
0.000009559999999999919, -0.7801128349788433
0.000009559999999999919, -0.8154913023037138
0.000009559999999999919, -0.8559238363892807
0.00000956999999999992, -0.6385989656793605
0.00000956999999999992, -0.673977433004231
0.00000956999999999992, -0.7093559003291019
0.00000956999999999992, -0.7447343676539728
0.00000956999999999992, -0.7801128349788433
0.00000956999999999992, -0.8154913023037138
0.00000956999999999992, -0.8559238363892807
0.000009579999999999918, -0.6385989656793605
0.000009579999999999918, -0.673977433004231
0.000009579999999999918, -0.7093559003291019
0.000009579999999999918, -0.7447343676539728
0.000009579999999999918, -0.7801128349788433
0.000009579999999999918, -0.8154913023037138
0.000009579999999999918, -0.8508697696285847
0.000009579999999999918, -0.8862482369534557
0.000009579999999999918, -0.9266807710390221
0.00000958999999999992, -0.9367889045604136
0.000009599999999999918, -0.9367889045604136
0.00000960999999999992, -0.9494240714621531
0.000009619999999999918, -0.9494240714621531
